CURIE	Label	Parent	Definition	Definition's database cross reference	Comment	Comment's database cross reference	editors note	exact synonym	broad synonym	narrow synonym	related synonym	in subset	creation date	created by	contributor	
ID	AL rdfs:label@en	SC %	AL IAO:0000115@en	>AI oboInOwl:hasDbXref SPLIT=|	AL rdfs:comment@en	>AI oboInOwl:hasDbXref SPLIT=|	AL IAO:0000116@en	AL oboInOwl:hasExactSynonym@en SPLIT=|	AL oboInOwl:hasBroadSynonym@en SPLIT=|	AL oboInOwl:hasNarrowSynonym@en SPLIT=|	AL oboInOwl:hasRelatedSynonym@en SPLIT=|	A oboInOwl:inSubset SPLIT=|	AT oboInOwl:creation_date^^xsd:dateTime	AI oboInOwl:created_by SPLIT=|	AI dc:contributor	
ELMO:3620600	biological ecosystem management process	ENVO:01001170	An active ecosystem management process in which a human adds or removes biological material from an area to realize some ecological management goal.											https://orcid.org/0000-0002-1296-2528	https://orcid.org/0000-0003-4817-0423|https://orcid.org/0000-0002-4366-3088	
ELMO:3620601	planting process	biological ecosystem management process	A biological ecosystem management process in which a human plants flora (defined as at least having sprouted true leaves) in the soil of a given area.											https://orcid.org/0000-0002-1296-2528	https://orcid.org/0000-0003-4817-0423|https://orcid.org/0000-0002-4366-3088	
ELMO:3620602	plug planting process	planting process	A planting process in which a human plants flora grown in a plug tray.	doi:10.1111/j.1526-100X.2007.00350.x										https://orcid.org/0000-0002-1296-2528	https://orcid.org/0000-0003-4817-0423|https://orcid.org/0000-0002-4366-3088	
ELMO:3620603	shrub planting process	planting process	A planting process in which a human plants shrubs.											https://orcid.org/0000-0002-1296-2528	https://orcid.org/0000-0003-4817-0423|https://orcid.org/0000-0002-4366-3088	
ELMO:3620604	tree planting process	planting process	A planting process in which a human plants trees.											https://orcid.org/0000-0002-1296-2528	https://orcid.org/0000-0003-4817-0423|https://orcid.org/0000-0002-4366-3088	
ELMO:3620605	seedling planting process	tree planting process	A planting process in which a human plants trees that have been grown in plug trays.											https://orcid.org/0000-0002-1296-2528	https://orcid.org/0000-0003-4817-0423|https://orcid.org/0000-0002-4366-3088	
ELMO:3620606	caliper tree planting process	tree planting process	A planting process in which a human plants trees that have grown to a diameter >= 5 cm.											https://orcid.org/0000-0002-1296-2528	https://orcid.org/0000-0003-4817-0423|https://orcid.org/0000-0002-4366-3088	
ELMO:3620607	live staking process	planting process	A planting process in which a human inserts cut branches of a flora into soil such that that flora will take root and grow.											https://orcid.org/0000-0002-1296-2528	https://orcid.org/0000-0003-4817-0423|https://orcid.org/0000-0002-4366-3088	
ELMO:3620608	nurse plant process	planting process	A planting process in which a human plants flora with the goal of assisting the growth of other flora.	doi:10.1890/03-5084										https://orcid.org/0000-0002-1296-2528	https://orcid.org/0000-0003-4817-0423|https://orcid.org/0000-0002-4366-3088	
ELMO:3620609	seeding process	biological ecosystem management process	A biological ecosystem management process in which a human sows seeds in a particular area.											https://orcid.org/0000-0002-1296-2528	https://orcid.org/0000-0003-4817-0423|https://orcid.org/0000-0002-4366-3088	
ELMO:3620610	tree seeding process	seeding process	A seeding process in which a human sows tree seeds.											https://orcid.org/0000-0002-1296-2528	https://orcid.org/0000-0003-4817-0423|https://orcid.org/0000-0002-4366-3088	
ELMO:3620611	line seeding process	seeding process	A seeding process in which a human sows seeds in lines along a landscape.											https://orcid.org/0000-0002-1296-2528	https://orcid.org/0000-0003-4817-0423|https://orcid.org/0000-0002-4366-3088	
ELMO:3620612	drill seeding process	seeding process	A seeding process in which a human uses a drill seeder to sow seeds.	doi:10.3375/043.038.0504										https://orcid.org/0000-0002-1296-2528	https://orcid.org/0000-0003-4817-0423|https://orcid.org/0000-0002-4366-3088	
ELMO:3620613	broadcast seeding process	seeding process	A seeding process in which a human sows seeds by scattering them through the air.	doi:10.3375/043.038.0504										https://orcid.org/0000-0002-1296-2528	https://orcid.org/0000-0003-4817-0423|https://orcid.org/0000-0002-4366-3088	
ELMO:3620614	hand broadcast seeding process	broadcast seeding process	A seeding process in which a human scatters seeds by hand.	doi:10.1111/j.1526-100X.2007.00350.x										https://orcid.org/0000-0002-1296-2528	https://orcid.org/0000-0003-4817-0423|https://orcid.org/0000-0002-4366-3088	
ELMO:3620615	hydroseeding process	seeding process	A seeding process in which a human applies seed in a slurry of nutrients and fixatives.	doi:10.3375/043.038.0504										https://orcid.org/0000-0002-1296-2528	https://orcid.org/0000-0003-4817-0423|https://orcid.org/0000-0002-4366-3088	
ELMO:3620616	seed treatment process	biological ecosystem management process	A biological ecosystem management process in which a human applies a treatment to seed prior to sowing it.	doi:10.1111/rec.13210										https://orcid.org/0000-0002-1296-2528	https://orcid.org/0000-0003-4817-0423|https://orcid.org/0000-0002-4366-3088	
ELMO:3620617	seed scarification process	seed treatment process	"A seed treatment process in which a human damages the coating of the seed, usually using sandpaper, to enhance germination."	doi:10.1111/rec.13210										https://orcid.org/0000-0002-1296-2528	https://orcid.org/0000-0003-4817-0423|https://orcid.org/0000-0002-4366-3088	
ELMO:3620618	heat seed treatment process	seed treatment process	A seed treatment process in which a human applies heat to some seed in order to enhance germination.	doi:10.1111/rec.13210										https://orcid.org/0000-0002-1296-2528	https://orcid.org/0000-0003-4817-0423|https://orcid.org/0000-0002-4366-3088	
ELMO:3620619	chill seed treatment process	seed treatment process	"A seed treatment process in which a human applies cold to some seed in order to enhance germination, such as in cold stratification."	doi:10.1111/rec.13210										https://orcid.org/0000-0002-1296-2528	https://orcid.org/0000-0003-4817-0423|https://orcid.org/0000-0002-4366-3088	
ELMO:3620620	soak seed treatment process	seed treatment process	A seed treatment process in which a human soaks seeds in order to enhance germination.	doi:10.1111/rec.13210										https://orcid.org/0000-0002-1296-2528	https://orcid.org/0000-0003-4817-0423|https://orcid.org/0000-0002-4366-3088	
ELMO:3620621	light seed treatment process	seed treatment process	A seed treatment process in which light is applied to seeds in order to enhance germination.	doi:10.1111/rec.13210										https://orcid.org/0000-0002-1296-2528	https://orcid.org/0000-0003-4817-0423|https://orcid.org/0000-0002-4366-3088	
ELMO:3620622	chemical seed treatment process	seed treatment process	A seed treatment process in which some chemical is applied to some seed in order to enhance germination.	doi:10.1111/rec.13210										https://orcid.org/0000-0002-1296-2528	https://orcid.org/0000-0003-4817-0423|https://orcid.org/0000-0002-4366-3088	
ELMO:3620623	biological fauna control process	biological ecosystem management process	A biological ecosystem management process in which a human uses biological means to reduce or increase a population of fauna.											https://orcid.org/0000-0002-1296-2528	https://orcid.org/0000-0003-4817-0423|https://orcid.org/0000-0002-4366-3088	
ELMO:3620624	captive breeding and release process	biological ecosystem management process	"A biological ecosystem management process in which a human facilitates the breeding of fauna, rears the young for a period of time and releases them in some environment."	doi:10.1111/j.1523-1739.2008.00967.x										https://orcid.org/0000-0002-1296-2528	https://orcid.org/0000-0003-4817-0423|https://orcid.org/0000-0002-4366-3088	
ELMO:3620625	egg relocation and release process	captive breeding and release process	"A captive breeding and release process in which a human collects eggs and relocates them to a safe environment, whereupon they are allowed to hatch."	doi:10.1002/1098-2361(2000)19:4<263::AID-ZOO4>3.0.CO;2-G										https://orcid.org/0000-0002-1296-2528	https://orcid.org/0000-0003-4817-0423|https://orcid.org/0000-0002-4366-3088	
ELMO:3620626	egg incubation and release process	egg relocation and release process	"An egg relocation and release process in which a human collects eggs and relocates them into an incubator, whereupon they are allowed to hatch and released into some environment."	doi:10.1002/1098-2361(2000)19:4<263::AID-ZOO4>3.0.CO;2-G										https://orcid.org/0000-0002-1296-2528	https://orcid.org/0000-0003-4817-0423|https://orcid.org/0000-0002-4366-3088	
ELMO:3620627	"young capture, rearing and release"	captive breeding and release process	"A captive breeding and release process in which a human captures young fauna, rears them into adulthood and releases them into some environment."											https://orcid.org/0000-0002-1296-2528	https://orcid.org/0000-0003-4817-0423|https://orcid.org/0000-0002-4366-3088	
ELMO:3620628	supplemental water process	biological ecosystem management process	A biological ecosystem management process in which a human provides supplemental water to flora or fauna.											https://orcid.org/0000-0002-1296-2528	https://orcid.org/0000-0003-4817-0423|https://orcid.org/0000-0002-4366-3088	
ELMO:3620629	supplemental feeding process	biological ecosystem management process	A biological ecosystem management process in which a human provides supplemental food to fauna.											https://orcid.org/0000-0002-1296-2528	https://orcid.org/0000-0003-4817-0423|https://orcid.org/0000-0002-4366-3088	
ELMO:3620630	plant material transfer process	biological ecosystem management process	A biological ecosystem management process in which a human transfers plant material from some area to another.											https://orcid.org/0000-0002-1296-2528	https://orcid.org/0000-0003-4817-0423|https://orcid.org/0000-0002-4366-3088	
ELMO:3620631	moss layer transfer process	plant material transfer process	A plant material transfer process in which a human restores the hydroperiod of a peatland by blocking drainage ditches or other means and subsequently moves material from the moss layer (top 10 cm) of another peatland onto the one being restored.	doi:10.1016/j.ecoleng.2014.03.051										https://orcid.org/0000-0002-1296-2528	https://orcid.org/0000-0003-4817-0423|https://orcid.org/0000-0002-4366-3088	
ELMO:3620632	soil transfer process	biological ecosystem management process	A biological ecosystem management process in which a human transfers soil from one area to another.											https://orcid.org/0000-0002-1296-2528	https://orcid.org/0000-0003-4817-0423|https://orcid.org/0000-0002-4366-3088	
ELMO:3620633	fauna sterilization process	biological fauna control process	A biological fauna control process in which a human renders some fauna sterile in order to reduce their population.											https://orcid.org/0000-0002-1296-2528	https://orcid.org/0000-0003-4817-0423|https://orcid.org/0000-0002-4366-3088	
ELMO:3620634	egg destruction process	biological fauna control process	A biological fauna control process in which a human destroys the eggs of some fauna (e.g. oiling goose eggs).											https://orcid.org/0000-0002-1296-2528	https://orcid.org/0000-0003-4817-0423|https://orcid.org/0000-0002-4366-3088	
ELMO:3620635	nest establishment deterrence process	biological fauna control process	A biological ecosystem management process in which a human implements measures to deter fauna from establishing nest sites in a given area.											https://orcid.org/0000-0002-1296-2528	https://orcid.org/0000-0003-4817-0423|https://orcid.org/0000-0002-4366-3088	
ELMO:3620636	seabed amendment process	biological ecosystem management process	A biological ecosystem management process in which a human adds material to a seabed to facilitate nesting.											https://orcid.org/0000-0002-1296-2528	https://orcid.org/0000-0003-4817-0423|https://orcid.org/0000-0002-4366-3088	
ELMO:3620637	soil amendment process	biological ecosystem management process	A biological ecosystem management process in which a human adds some material to soil.	doi:10.2134/jeq2015.01.0009										https://orcid.org/0000-0002-1296-2528	https://orcid.org/0000-0003-4817-0423|https://orcid.org/0000-0002-4366-3088	
ELMO:3620638	mulch addition process	soil amendment process	A soil amendment process in which a human adds mulch (i.e. woody debris).											https://orcid.org/0000-0002-1296-2528	https://orcid.org/0000-0003-4817-0423|https://orcid.org/0000-0002-4366-3088	
ELMO:3620639	peat addition process	soil amendment process	A soil amendment process in which a human adds peat.											https://orcid.org/0000-0002-1296-2528	https://orcid.org/0000-0003-4817-0423|https://orcid.org/0000-0002-4366-3088	
ELMO:3620640	topsoil addition process	soil amendment process	A soil amendment process in which a human adds topsoil.											https://orcid.org/0000-0002-1296-2528	https://orcid.org/0000-0003-4817-0423|https://orcid.org/0000-0002-4366-3088	
ELMO:3620641	compost addition process	soil amendment process	A soil amendment process in which a human adds some composted organic material.	doi:10.2134/jeq2015.01.0009										https://orcid.org/0000-0002-1296-2528	https://orcid.org/0000-0003-4817-0423|https://orcid.org/0000-0002-4366-3088	
ELMO:3620642	manure addition process	soil amendment process	A soil amendment process in which a human adds some manure.	doi:10.2134/jeq2015.01.0009										https://orcid.org/0000-0002-1296-2528	https://orcid.org/0000-0003-4817-0423|https://orcid.org/0000-0002-4366-3088	
ELMO:3620643	artificial reef creation process	biological ecosystem management process	A biological ecosystem management process in which a human creates an artificial reef out of materials with the goal of attracting coral.	doi:10.1111/1365-2664.13748										https://orcid.org/0000-0002-1296-2528	https://orcid.org/0000-0003-4817-0423|https://orcid.org/0000-0002-4366-3088	
ELMO:3620644	intentional grazing	biological ecosystem management process	A biological ecosystem management process in which a human introduces grazing animals to an area with the goal of recreating a disturbance regime.	doi:10.1111/j.1526-100X.2009.00567.x										https://orcid.org/0000-0002-1296-2528	https://orcid.org/0000-0003-4817-0423|https://orcid.org/0000-0002-4366-3088	
ELMO:3620645	mycorrhizae addition process	biological ecosystem management process	A biological ecosystem management process in which a human adds mycorrhizae spores to some environment.	doi:10.3389/fmicb.2016.01095										https://orcid.org/0000-0002-1296-2528	https://orcid.org/0000-0003-4817-0423|https://orcid.org/0000-0002-4366-3088	
ELMO:3620646	peatland rewetting process	biological ecosystem management process	A biological ecosystem management process in which a human alters the hydroperiod of a peatland such that more water is available.	doi:10.1007/s11027-023-10046-9										https://orcid.org/0000-0002-1296-2528	https://orcid.org/0000-0003-4817-0423|https://orcid.org/0000-0002-4366-3088	
ELMO:3620647	"fauna rescue, rehabilitation and release process"	biological fauna control process	"A biological fauna control process in which a human captures injured fauna from some environment, rehabilitates and releases them."	doi:10.1371/journal.pone.0265514										https://orcid.org/0000-0002-1296-2528	https://orcid.org/0000-0003-4817-0423|https://orcid.org/0000-0002-4366-3088	
ELMO:3620648	fauna reintroduction process	biological fauna control process	A biological fauna control process in which a human reintroduces fauna into some environment where the fauna once existed.											https://orcid.org/0000-0002-1296-2528	https://orcid.org/0000-0003-4817-0423|https://orcid.org/0000-0002-4366-3088	
ELMO:3620649	fauna medical care process	biological fauna control process	A biological fauna control process in which a human provides medical care to some fauna.											https://orcid.org/0000-0002-1296-2528	https://orcid.org/0000-0003-4817-0423|https://orcid.org/0000-0002-4366-3088	
ELMO:3620650	translocation process	biological ecosystem management process	A biological ecosystem management process in which a human translocates some flora or fauna from one area to another.											https://orcid.org/0000-0002-1296-2528	https://orcid.org/0000-0003-4817-0423|https://orcid.org/0000-0002-4366-3088	
ELMO:3620651	fauna translocation process	translocation process	A translocation process in which a human translocates some fauna from one area to another.											https://orcid.org/0000-0002-1296-2528	https://orcid.org/0000-0003-4817-0423|https://orcid.org/0000-0002-4366-3088	
ELMO:3620652	coral translocation process	translocation process	A translocation process in which a human translocates coral from one area to another.	doi:10.3389/fmars.2019.00540										https://orcid.org/0000-0002-1296-2528	https://orcid.org/0000-0003-4817-0423|https://orcid.org/0000-0002-4366-3088	
ELMO:3620500	chemical ecosystem management process	ENVO:01001170	An active ecosystem management process in which a human applys or releases a chemical substance to realize some ecological management goal.	doi:10.1016/j.scitotenv.2021.148631										https://orcid.org/0000-0002-1296-2528	https://orcid.org/0000-0003-4817-0423|https://orcid.org/0000-0002-4366-3088	
ELMO:3620501	chemical application process	chemical ecosystem management process	A chemical ecosystem management process in which a human applies some chemical to an ecosystem.	doi:10.1016/j.scitotenv.2021.148631										https://orcid.org/0000-0002-1296-2528	https://orcid.org/0000-0003-4817-0423|https://orcid.org/0000-0002-4366-3088	
ELMO:3620502	fertilizer application process	chemical application process	"A chemical application process in which a human applies chemical fertilizer to a given area with the goal of increasing the available carbon, nitrogen or phosphorous."	wd:Q1213511										https://orcid.org/0000-0002-1296-2528	https://orcid.org/0000-0003-4817-0423|https://orcid.org/0000-0002-4366-3088	
ELMO:3620503	lime application process	chemical application process	A chemical application process in which a human adds lime to soil or water in order to reduce the pH.	doi:10.1046/j.1365-2427.2001.00788.x										https://orcid.org/0000-0002-1296-2528	https://orcid.org/0000-0003-4817-0423|https://orcid.org/0000-0002-4366-3088	
ELMO:3620504	herbicide application process	chemical application process	A chemical application process in which a human applies herbicide to plants or soil in a given area.	doi:10.1111/avsc.12183										https://orcid.org/0000-0002-1296-2528	https://orcid.org/0000-0003-4817-0423|https://orcid.org/0000-0002-4366-3088	
ELMO:3620505	glyphosate application process	chemical application process	A herbicide application process in which a human applies the herbicide glyphosate to plants in some area.	doi:10.1111/avsc.12183										https://orcid.org/0000-0002-1296-2528	https://orcid.org/0000-0003-4817-0423|https://orcid.org/0000-0002-4366-3088	
ELMO:3620506	insecticide application process	chemical application process	A chemical application process in which a human introduces an insecticide to some area with the goal of managing an insect population.	doi:10.1016/j.biocontrol.2018.07.012										https://orcid.org/0000-0002-1296-2528	https://orcid.org/0000-0003-4817-0423|https://orcid.org/0000-0002-4366-3088	
ELMO:3620800	ecosystem-oriented social process	ENVO:02500000	An environmental system process in which a human employs social means to realize some ecosystem management goal.											https://orcid.org/0000-0002-1296-2528	https://orcid.org/0000-0003-4817-0423|https://orcid.org/0000-0002-4366-3088	
ELMO:3620801	legislation process	ecosystem-oriented social process	A ecosystem-oriented social process in which a humans collectively implement legislation with pro-environmental goals.											https://orcid.org/0000-0002-1296-2528	https://orcid.org/0000-0003-4817-0423|https://orcid.org/0000-0002-4366-3088	
ELMO:3620802	legal protection process	legislation process	A legislation process in which the legislation explicitly protects something from degradation.											https://orcid.org/0000-0002-1296-2528	https://orcid.org/0000-0003-4817-0423|https://orcid.org/0000-0002-4366-3088	
ELMO:3620803	legal habitat protection process	legal protection process	A legal protection process in which the legal protection applies to a specific habitat.											https://orcid.org/0000-0002-1296-2528	https://orcid.org/0000-0003-4817-0423|https://orcid.org/0000-0002-4366-3088	
ELMO:3620804	legal landscape protection process	legal protection process	A legal protection process in which the legal protection applies to a specific landscape.											https://orcid.org/0000-0002-1296-2528	https://orcid.org/0000-0003-4817-0423|https://orcid.org/0000-0002-4366-3088	
ELMO:3620805	legal species protection process	legal protection process	A legal protection process in which the legal protection applies to some taxa.											https://orcid.org/0000-0002-1296-2528	https://orcid.org/0000-0003-4817-0423|https://orcid.org/0000-0002-4366-3088	
ELMO:3620806	legal marine area protection process	legal protection process	A legal protection process in which the legal protection applies to some marine area.											https://orcid.org/0000-0002-1296-2528	https://orcid.org/0000-0003-4817-0423|https://orcid.org/0000-0002-4366-3088	
ELMO:3620807	private land protection process	legal protection process	A legal protection process in which the legal protection applies to some privately held land.											https://orcid.org/0000-0002-1296-2528	https://orcid.org/0000-0003-4817-0423|https://orcid.org/0000-0002-4366-3088	
ELMO:3620808	conservation easement process	private land protection process	A private land protection process in which a landowner agrees to conserve a portion of their land in perpetuity.											https://orcid.org/0000-0002-1296-2528	https://orcid.org/0000-0003-4817-0423|https://orcid.org/0000-0002-4366-3088	
ELMO:3620809	area policy process	legislation process	A legislation process in which some legislation applies to some area.											https://orcid.org/0000-0002-1296-2528	https://orcid.org/0000-0003-4817-0423|https://orcid.org/0000-0002-4366-3088	
ELMO:3620810	local bylaw process	area policy process	An area policy process in which some pro-conservation bylaw is established by a local authority.											https://orcid.org/0000-0002-1296-2528	https://orcid.org/0000-0003-4817-0423|https://orcid.org/0000-0002-4366-3088	
ELMO:3620811	provincial or state legislation process	legislation process	A legislation process in which some group passes pro-conservation legislation at the state or province level.											https://orcid.org/0000-0002-1296-2528	https://orcid.org/0000-0003-4817-0423|https://orcid.org/0000-0002-4366-3088	
ELMO:3620812	national legislation process	legislation process	A legislation process in which some group passes pro-conservation legislation at the national level.											https://orcid.org/0000-0002-1296-2528	https://orcid.org/0000-0003-4817-0423|https://orcid.org/0000-0002-4366-3088	
ELMO:3620813	international agreement process	ecosystem-oriented social process	"A ecosystem-oriented social process in which a humans collectively agree to measures that protect, conserve and restore biodiversity."											https://orcid.org/0000-0002-1296-2528	https://orcid.org/0000-0003-4817-0423|https://orcid.org/0000-0002-4366-3088	
ELMO:3620814	active enforcement process	ecosystem-oriented social process	A ecosystem-oriented social process in which a human actively enforces the pro-conservation legislation or policies governing a specific area.											https://orcid.org/0000-0002-1296-2528	https://orcid.org/0000-0003-4817-0423|https://orcid.org/0000-0002-4366-3088	
ELMO:3620815	human-wildlife conflict reduction process	ecosystem-oriented social process	A ecosystem-oriented social process in which a human implements measures to reduce conflict between fauna and humans.											https://orcid.org/0000-0002-1296-2528	https://orcid.org/0000-0003-4817-0423|https://orcid.org/0000-0002-4366-3088	
ELMO:3620816	human-assisted road crossing process	ecosystem-oriented social process	A ecosystem-oriented social process in which a human assists a species in crossing a road.											https://orcid.org/0000-0002-1296-2528	https://orcid.org/0000-0003-4817-0423|https://orcid.org/0000-0002-4366-3088	
ELMO:3620817	awareness-raising process	ecosystem-oriented social process	A ecosystem-oriented social process in which a human undertakes a process in order to make others more aware of threats to biodiversity.											https://orcid.org/0000-0002-1296-2528	https://orcid.org/0000-0003-4817-0423|https://orcid.org/0000-0002-4366-3088	
ELMO:3620818	social media campaign process	awareness-raising process	An awareness-raising process in which a human uses social media to spread messages about threats to biodiversity.											https://orcid.org/0000-0002-1296-2528	https://orcid.org/0000-0003-4817-0423|https://orcid.org/0000-0002-4366-3088	
ELMO:3620819	community event creation process	awareness-raising process	An awareness-raising process in which a human hosts an event for the community in a given area.											https://orcid.org/0000-0002-1296-2528	https://orcid.org/0000-0003-4817-0423|https://orcid.org/0000-0002-4366-3088	
ELMO:3620820	education process	awareness-raising process	An awareness-raising process in which a human endeavours to improve the knowledge of others vis-a-vis restoration or conservation of biodiversity.											https://orcid.org/0000-0002-1296-2528	https://orcid.org/0000-0003-4817-0423|https://orcid.org/0000-0002-4366-3088	
ELMO:3620821	citizen science process	awareness-raising process	An awareness-raising process in which a humans gather measurements of some ecosystem elements.											https://orcid.org/0000-0002-1296-2528	https://orcid.org/0000-0003-4817-0423|https://orcid.org/0000-0002-4366-3088	
ELMO:3620822	community engagement process	awareness-raising process	An awareness-raising process in which a humans are gathered in a given area and engaged in the restoration and conservation of biodiversity.											https://orcid.org/0000-0002-1296-2528	https://orcid.org/0000-0003-4817-0423|https://orcid.org/0000-0002-4366-3088	
ELMO:3620823	pro-environmental behaviour change process	ecosystem-oriented social process	A ecosystem-oriented social process in which a human endeavours to alter the behaviour of others vis-a-vis the degradation of ecosystems.	doi:10.1038/s41562-022-01473-w										https://orcid.org/0000-0002-1296-2528	https://orcid.org/0000-0003-4817-0423|https://orcid.org/0000-0002-4366-3088	
ELMO:3620824	signage installation process	pro-environmental behaviour change process	A pro-environmental behaviour change process in which signage is installed to encourage or deter activities in an area.											https://orcid.org/0000-0002-1296-2528	https://orcid.org/0000-0003-4817-0423|https://orcid.org/0000-0002-4366-3088	
ELMO:3620825	individual outreach process	pro-environmental behaviour change process	A pro-environmental behaviour change process in which a human reaches out to people directly to encourage or deter activities in an area.											https://orcid.org/0000-0002-1296-2528	https://orcid.org/0000-0003-4817-0423|https://orcid.org/0000-0002-4366-3088	
ELMO:3620826	landowner outreach process	pro-environmental behaviour change process	A pro-environmental behaviour change process in which a human reaches out to a landowner to encourage or deter activities in an area.											https://orcid.org/0000-0002-1296-2528	https://orcid.org/0000-0003-4817-0423|https://orcid.org/0000-0002-4366-3088	
ELMO:3620827	sensitive features marking process	pro-environmental behaviour change process	A pro-environmental behaviour change process in which a human marks environmentally sensitive features to deter degradation or interference.											https://orcid.org/0000-0002-1296-2528	https://orcid.org/0000-0003-4817-0423|https://orcid.org/0000-0002-4366-3088	
ELMO:3620828	fundraising process	ecosystem-oriented social process	A ecosystem-oriented social process in which a human raises funds to support the restoration and conservation of a specific area.											https://orcid.org/0000-0002-1296-2528	https://orcid.org/0000-0003-4817-0423|https://orcid.org/0000-0002-4366-3088	
ELMO:3620829	financial incentive process	ecosystem-oriented social process	A ecosystem-oriented social process in which financial incentives are offered to a humans in order to take pro-environmental measures.											https://orcid.org/0000-0002-1296-2528	https://orcid.org/0000-0003-4817-0423|https://orcid.org/0000-0002-4366-3088	
ELMO:3620830	environmental usage regulation process	ecosystem-oriented social process	A ecosystem-oriented social process in which some authority regulates the usage of environments.											https://orcid.org/0000-0002-1296-2528	https://orcid.org/0000-0003-4817-0423|https://orcid.org/0000-0002-4366-3088	
ELMO:3620831	regulate grazing	environmental usage regulation process	An environmental usage regulation process in which some authority regulates grazing in a given area.											https://orcid.org/0000-0002-1296-2528	https://orcid.org/0000-0003-4817-0423|https://orcid.org/0000-0002-4366-3088	
ELMO:3620832	prohibit grazing	regulate grazing	An environmental usage regulation process in which some authority prohibits grazing in a given area.											https://orcid.org/0000-0002-1296-2528	https://orcid.org/0000-0003-4817-0423|https://orcid.org/0000-0002-4366-3088	
ELMO:3620833	regulate fishing	environmental usage regulation process	An environmental usage regulation process in which some authority regulates fishing in a given area.											https://orcid.org/0000-0002-1296-2528	https://orcid.org/0000-0003-4817-0423|https://orcid.org/0000-0002-4366-3088	
ELMO:3620834	prohibit fishing	regulate fishing	An environmental usage regulation process in which some authority prohibits fishing in a given area.											https://orcid.org/0000-0002-1296-2528	https://orcid.org/0000-0003-4817-0423|https://orcid.org/0000-0002-4366-3088	
ELMO:3620835	regulate chemical usage	environmental usage regulation process	An environmental usage regulation process in which some authority regulates chemical usage in a given area.											https://orcid.org/0000-0002-1296-2528	https://orcid.org/0000-0003-4817-0423|https://orcid.org/0000-0002-4366-3088	
ELMO:3620836	prohibit chemical usage	regulate chemical usage	An environmental usage regulation process in which some authority prohibits chemical usage in a given area.											https://orcid.org/0000-0002-1296-2528	https://orcid.org/0000-0003-4817-0423|https://orcid.org/0000-0002-4366-3088	
ELMO:3620837	regulate hunting	environmental usage regulation process	An environmental usage regulation process in which some authority regulates hunting in a given area.											https://orcid.org/0000-0002-1296-2528	https://orcid.org/0000-0003-4817-0423|https://orcid.org/0000-0002-4366-3088	
ELMO:3620838	prohibit hunting	regulate hunting	An environmental usage regulation process in which some authority prohibits hunting in a given area.											https://orcid.org/0000-0002-1296-2528	https://orcid.org/0000-0003-4817-0423|https://orcid.org/0000-0002-4366-3088	
ELMO:3620839	regulate recreational activities	environmental usage regulation process	An environmental usage regulation process in which some authority regulates recreational activities in a given area.											https://orcid.org/0000-0002-1296-2528	https://orcid.org/0000-0003-4817-0423|https://orcid.org/0000-0002-4366-3088	
ELMO:3620840	prohibit recreational activities	regulate recreational activities	An environmental usage regulation process in which some authority prohibits recreational activities in a given area.											https://orcid.org/0000-0002-1296-2528	https://orcid.org/0000-0003-4817-0423|https://orcid.org/0000-0002-4366-3088	
ELMO:3620841	limit public access	environmental usage regulation process	An environmental usage regulation process in which some authority limits public access to a given area.											https://orcid.org/0000-0002-1296-2528	https://orcid.org/0000-0003-4817-0423|https://orcid.org/0000-0002-4366-3088	
ELMO:3620842	prohibit public access	limit public access	An environmental usage regulation process in which some authority prohibits public access to a given area.											https://orcid.org/0000-0002-1296-2528	https://orcid.org/0000-0003-4817-0423|https://orcid.org/0000-0002-4366-3088	
ELMO:3620843	regulate dredging	environmental usage regulation process	An environmental usage regulation process in which some authority regulates dredging in a given area.											https://orcid.org/0000-0002-1296-2528	https://orcid.org/0000-0003-4817-0423|https://orcid.org/0000-0002-4366-3088	
ELMO:3620844	prohibit dredging	regulate dredging	An environmental usage regulation process in which some authority prohibits dredging in a given area.											https://orcid.org/0000-0002-1296-2528	https://orcid.org/0000-0003-4817-0423|https://orcid.org/0000-0002-4366-3088	
ELMO:3620845	regulate aquaculture	environmental usage regulation process	An environmental usage regulation process in which some authority regulates aquaculture in a given area.											https://orcid.org/0000-0002-1296-2528	https://orcid.org/0000-0003-4817-0423|https://orcid.org/0000-0002-4366-3088	
ELMO:3620846	prohibit aquaculture	regulate aquaculture	An environmental usage regulation process in which some authority prohibits aquaculture in a given area.											https://orcid.org/0000-0002-1296-2528	https://orcid.org/0000-0003-4817-0423|https://orcid.org/0000-0002-4366-3088	
ELMO:3620847	cultural ecosystem management process	ecosystem-oriented social process	A ecosystem-oriented social process in which a humans undertake shared practices passed down through generations to manage the ecosystem in which they live. 											https://orcid.org/0000-0002-1296-2528	https://orcid.org/0000-0003-4817-0423|https://orcid.org/0000-0002-4366-3088	
ELMO:3620848	cultural ecosystem usage process	ecosystem-oriented social process	A ecosystem-oriented social process in which a humans harvest resources from the environment for shared practices that are passed down through generations.											https://orcid.org/0000-0002-1296-2528	https://orcid.org/0000-0003-4817-0423|https://orcid.org/0000-0002-4366-3088	
ELMO:3620849	plan specification change process	ecosystem-oriented social process	A ecosystem-oriented social process in which a human alters the way in which some planned process is undertaken.											https://orcid.org/0000-0002-1296-2528	https://orcid.org/0000-0003-4817-0423|https://orcid.org/0000-0002-4366-3088	
ELMO:3620850	alter mowing timing	alter mowing regime	A change to the mowing regime in which a human alters the timing of regular mowing with the goal of protecting specific taxa.											https://orcid.org/0000-0002-1296-2528	https://orcid.org/0000-0003-4817-0423|https://orcid.org/0000-0002-4366-3088	
ELMO:3620851	alter mowing regime	plan specification change process	"A plan specification change process in which a human alters the mowing regime (i.e. frequency, height, timing)"											https://orcid.org/0000-0002-1296-2528	https://orcid.org/0000-0003-4817-0423|https://orcid.org/0000-0002-4366-3088	
ELMO:3620852	alter mowing height	alter mowing regime	A change to the mowing regime in which a human alters the height of a mower with the goal of protecting specific taxa.											https://orcid.org/0000-0002-1296-2528	https://orcid.org/0000-0003-4817-0423|https://orcid.org/0000-0002-4366-3088	
ELMO:3620853	alter tilling regime	plan specification change process	"A change to the tilling regime in which a human alters the frequency, timing or severity of a regular tilling process."											https://orcid.org/0000-0002-1296-2528	https://orcid.org/0000-0003-4817-0423|https://orcid.org/0000-0002-4366-3088	
ELMO:3620854	alter chemical regime	plan specification change process	"A change to the chemical regime in which a human alters the frequency, timing or severity of a regular chemical application process."											https://orcid.org/0000-0002-1296-2528	https://orcid.org/0000-0003-4817-0423|https://orcid.org/0000-0002-4366-3088	
ELMO:3620855	alter insecticide regime	alter chemical regime	"A change to the insecticide regime in which a human alters the frequency, timing or severity of a regular insecticide application process."											https://orcid.org/0000-0002-1296-2528	https://orcid.org/0000-0003-4817-0423|https://orcid.org/0000-0002-4366-3088	
ELMO:3620856	alter fertilizer regime	plan specification change process	"A change to the fertilizer regime in which a human alters the frequency, timing or severity of a regular fertilizer application process."											https://orcid.org/0000-0002-1296-2528	https://orcid.org/0000-0003-4817-0423|https://orcid.org/0000-0002-4366-3088	
ELMO:3620857	alter lighting regime	plan specification change process	"A change to the lighting regime in which a human alters the frequency, timing or intensity of lighting."											https://orcid.org/0000-0002-1296-2528	https://orcid.org/0000-0003-4817-0423|https://orcid.org/0000-0002-4366-3088	
ELMO:3620858	alter grazing regime	plan specification change process	"A change to the grazing regime in which a human alters the frequency, timing or intensity of grazing."											https://orcid.org/0000-0002-1296-2528	https://orcid.org/0000-0003-4817-0423|https://orcid.org/0000-0002-4366-3088	
ELMO:3620859	alter dam regime	plan specification change process	"A change to the dam regime in which a human alters the frequency, timing or intensity of water released by a dam."											https://orcid.org/0000-0002-1296-2528	https://orcid.org/0000-0003-4817-0423|https://orcid.org/0000-0002-4366-3088	
ELMO:3620860	alter herbicide regime	alter chemical regime	"A change to the herbicide regime in which a human alters the frequency, timing or severity of a regular herbicide application process."											https://orcid.org/0000-0002-1296-2528	https://orcid.org/0000-0003-4817-0423|https://orcid.org/0000-0002-4366-3088	
ELMO:3620861	cease herbicide usage	alter herbicide regime	A change to the herbicide regime in which a human ceases some herbicide application process.											https://orcid.org/0000-0002-1296-2528	https://orcid.org/0000-0003-4817-0423|https://orcid.org/0000-0002-4366-3088	
ELMO:3620020	mechanical ecosystem management process	ENVO:01001170	An active ecosystem management process during which a human employs machines or tools to directly impact an ecosystem and realize some ecosystem management goal.											https://orcid.org/0000-0002-1296-2528	https://orcid.org/0000-0003-4817-0423|https://orcid.org/0000-0002-4366-3088	
ELMO:3620021	mechanical vegetation removal process	mechanical ecosystem management process	A mechanical ecosystem management process during which vegetation is removed.											https://orcid.org/0000-0002-1296-2528	https://orcid.org/0000-0003-4817-0423|https://orcid.org/0000-0002-4366-3088	
ELMO:3620022	root wrench removal process	mechanical vegetation removal process	A mechanical vegetation removal process in which a human employs a tool comprising a lever and gripping portion (root wrench).											https://orcid.org/0000-0002-1296-2528	https://orcid.org/0000-0003-4817-0423|https://orcid.org/0000-0002-4366-3088	
ELMO:3620023	cut and cover removal process	mechanical vegetation removal process	A mechanical vegetation removal process during which plants at ground level are cut and residual stumps are covered with a sun-blocking material (e.g. silage tarp).											https://orcid.org/0000-0002-1296-2528	https://orcid.org/0000-0003-4817-0423|https://orcid.org/0000-0002-4366-3088	
ELMO:3620024	cutting removal process	mechanical vegetation removal process	A mechanical vegetation removal process in which a human cuts and removes plant material.											https://orcid.org/0000-0002-1296-2528	https://orcid.org/0000-0003-4817-0423|https://orcid.org/0000-0002-4366-3088	
ELMO:3620025	spading removal process	mechanical vegetation removal process	A mechanical vegetation removal process in which a human severs subsoil roots using a spade and pries the plant out of the ground.	https://www.ontarioinvasiveplants.ca/wp-content/uploads/2018/05/OPWG-Spading-Postcard-1.pdf										https://orcid.org/0000-0002-1296-2528	https://orcid.org/0000-0003-4817-0423|https://orcid.org/0000-0002-4366-3088	
ELMO:3620026	canopy thinning process	mechanical vegetation removal process	A mechanical vegetation removal process in which a human removes trees from a given area with the goal of reducing overall canopy cover thereby increasing light availability for understorey plants.	doi:10.1111/rec.13043										https://orcid.org/0000-0002-1296-2528	https://orcid.org/0000-0003-4817-0423|https://orcid.org/0000-0002-4366-3088	
ELMO:3620027	leaf litter removal process	mechanical vegetation removal process	A mechanical vegetation removal process in which a human removes leaf litter from the ground thereby increasing the light availability for soil.											https://orcid.org/0000-0002-1296-2528	https://orcid.org/0000-0003-4817-0423|https://orcid.org/0000-0002-4366-3088	
ELMO:3620028	mechanical fauna control process	mechanical ecosystem management process	A mechanical ecosystem management process in which a human controls fauna populations.											https://orcid.org/0000-0002-1296-2528	https://orcid.org/0000-0003-4817-0423|https://orcid.org/0000-0002-4366-3088	
ELMO:3620029	mammal trapping process	mechanical fauna control process	A mechanical fauna control process in which a human uses traps to control fauna.	https://en.wikipedia.org/wiki/Trapping										https://orcid.org/0000-0002-1296-2528	https://orcid.org/0000-0003-4817-0423|https://orcid.org/0000-0002-4366-3088	
ELMO:3620030	predator control process	mechanical fauna control process	A mechanical fauna control process in which a human targets predators for removal from the ecosystem.	https://agrilife.org/txwildlifeservices/files/2011/07/PredatorControlforWildlifeMgt.pdf										https://orcid.org/0000-0002-1296-2528	https://orcid.org/0000-0003-4817-0423|https://orcid.org/0000-0002-4366-3088	
ELMO:3620031	fencing process	fauna exclusion process	A mechanical fauna control process in which a human installs fencing to restrict either immigration or emmigration of fauna from a particular area.	doi:10.1016/j.biocon.2017.08.001										https://orcid.org/0000-0002-1296-2528	https://orcid.org/0000-0003-4817-0423|https://orcid.org/0000-0002-4366-3088	
ELMO:3620032	mechanical species deterrent process	mechanical fauna control process	A mechanical fauna control process in which a human installs an electronic device to deter species from a particular area.	doi:10.1111/jfb.13769										https://orcid.org/0000-0002-1296-2528	https://orcid.org/0000-0003-4817-0423|https://orcid.org/0000-0002-4366-3088	
ELMO:3620033	mechanical hydrological alteration process	mechanical ecosystem management process	A mechanical ecosystem management process during which a human deliberately alters the hydrologic cycle in an area.	https://en.wikipedia.org/wiki/Water_cycle										https://orcid.org/0000-0002-1296-2528	https://orcid.org/0000-0003-4817-0423|https://orcid.org/0000-0002-4366-3088	
ELMO:3620034	dam construction process	mechanical hydrological alteration process	A mechanical hydrological alteration process in which a human constructs some dam to restore a meander sequence to a river or stream.	doi:10.1093/biosci/biu036				beaver dam analogue						https://orcid.org/0000-0002-1296-2528	https://orcid.org/0000-0003-4817-0423|https://orcid.org/0000-0002-4366-3088	
ELMO:3620035	dam removal process	mechanical hydrological alteration process	A mechanical hydrological alteration process in which a human removes some dam with the goal of altering the hydroperiod of surrounding lands and reconnecting rivers.	doi:10.12952/journal.elementa.000108										https://orcid.org/0000-0002-1296-2528	https://orcid.org/0000-0003-4817-0423|https://orcid.org/0000-0002-4366-3088	
ELMO:3620036	tile drain crushing process	mechanical hydrological alteration process	A mechanical hydrological alteration process in which a human uncovers and collapses subterranean tile drains in situ to reduce drainage on the landscape and restore wetland hydroperiod.				"This technique is actively practiced by the Nature Conservancy of Canada, but has not been documented in the literature yet."							https://orcid.org/0000-0002-1296-2528	https://orcid.org/0000-0003-4817-0423|https://orcid.org/0000-0002-4366-3088	
ELMO:3620037	tile drain removal process	mechanical hydrological alteration process	A mechanical hydrological alteration process in which a human uncovers and removes subterranean tile drains to reduce drainage on the landscape and restore wetland hydroperiod.											https://orcid.org/0000-0002-1296-2528	https://orcid.org/0000-0003-4817-0423|https://orcid.org/0000-0002-4366-3088	
ELMO:3620038	nest site creation process	mechanical ecosystem management process	"A mechanical ecosystem management process in which a human creates sites for fauna to breed, feed and shelter."	doi:10.1186/S41610-021-00192-Z										https://orcid.org/0000-0002-1296-2528	https://orcid.org/0000-0003-4817-0423|https://orcid.org/0000-0002-4366-3088	
ELMO:3620039	perch creation process	mechanical ecosystem management process	A mechanical ecosystem management process in which a human creates places for birds to perch.	doi:10.1007/s11258-016-0619-4										https://orcid.org/0000-0002-1296-2528	https://orcid.org/0000-0003-4817-0423|https://orcid.org/0000-0002-4366-3088	
ELMO:3620040	buffer strip creation process	mechanical ecosystem management process	A mechanical ecosystem management process in which a human cultivates strips of flora between landscape features using earthworks and planting processes.	doi:10.2134/jeq2018.03.0120										https://orcid.org/0000-0002-1296-2528	https://orcid.org/0000-0003-4817-0423|https://orcid.org/0000-0002-4366-3088	
ELMO:3620041	riparian buffer strip creation process	buffer strip creation process	A mechanical ecosystem management process in which a human cultivates strips of flora in the riparian areas of rivers.	doi:10.1890/08-2064.1										https://orcid.org/0000-0002-1296-2528	https://orcid.org/0000-0003-4817-0423|https://orcid.org/0000-0002-4366-3088	
ELMO:3620042	buffer strip retention process	mechanical ecosystem management process	A mechanical ecosystem management process in which a human leaves strips of flora untouched when clearing the land for other purposes.	doi:10.2134/jeq2018.03.0120										https://orcid.org/0000-0002-1296-2528	https://orcid.org/0000-0003-4817-0423|https://orcid.org/0000-0002-4366-3088	
ELMO:3620043	earthworks process	mechanical ecosystem management process	A mechanical ecosystem management process during which the topology of some area is deliberately changed at least at the micro scale (e.g. 1m2).				"Difficult to suggest a firm border for scale. I doubt digging out a small hole would be called ""earthworks"" but settled on at least 1 m2 of earth moved. See Landscape Microscale Size and its associated scale properties for more nuance: ENVO:03620005; ENVO:03620006; ENVO:03620007; ENVO:03620008"							https://orcid.org/0000-0002-1296-2528	https://orcid.org/0000-0003-4817-0423|https://orcid.org/0000-0002-4366-3088	
ELMO:3620044	berm creation process	earthworks process	An earthworks process in which earthen barriers (berms) are constructed with the goal of obstructing or slowing floodwaters.	doi:10.1007/s11273-013-9285-7										https://orcid.org/0000-0002-1296-2528	https://orcid.org/0000-0003-4817-0423|https://orcid.org/0000-0002-4366-3088	
ELMO:3620046	pond creation process	earthworks process	An earthworks process in which a human creates a pond.	doi:10.1007/s10531-021-02312-6										https://orcid.org/0000-0002-1296-2528	https://orcid.org/0000-0003-4817-0423|https://orcid.org/0000-0002-4366-3088	
ELMO:3620047	pond reprofiling process	earthworks process	An earthworks process in which a human reshapes the banks or basin of a pond.	doi:10.1016/j.jenvman.2024.120992										https://orcid.org/0000-0002-1296-2528	https://orcid.org/0000-0003-4817-0423|https://orcid.org/0000-0002-4366-3088	
ELMO:3620048	soil decompaction process	earthworks process	An earthworks process in which a human alleviates the compaction of soil.	doi:10.1111/j.1526-100X.2008.00477.x										https://orcid.org/0000-0002-1296-2528	https://orcid.org/0000-0003-4817-0423|https://orcid.org/0000-0002-4366-3088	
ELMO:3620049	tilling process	soil decompaction process	"An earthworks process in which a human breaks up the soil, and sometimes adds organic matter."	doi:10.1111/j.1526-100X.1995.tb00096.x						soil ripping process				https://orcid.org/0000-0002-1296-2528	https://orcid.org/0000-0003-4817-0423|https://orcid.org/0000-0002-4366-3088	
ELMO:3620050	ploughing process	soil decompaction process	An earthworks process in which a human deeply breaks up and overturns soil and vegetation.	doi:10.1007/s12224-024-09448-7										https://orcid.org/0000-0002-1296-2528	https://orcid.org/0000-0003-4817-0423|https://orcid.org/0000-0002-4366-3088	
ELMO:3620052	grading process	earthworks process	An earthworks process in which a human creates a specific slope.	https://en.wikipedia.org/wiki/Grading_(earthworks)										https://orcid.org/0000-0002-1296-2528	https://orcid.org/0000-0003-4817-0423|https://orcid.org/0000-0002-4366-3088	
ELMO:3620053	slope stabilization process	earthworks process	"An earthworks process in which a human installs inorganic material, usually a mesh, to stabilize a slope."	https://en.wikipedia.org/wiki/Cellular_confinement										https://orcid.org/0000-0002-1296-2528	https://orcid.org/0000-0003-4817-0423|https://orcid.org/0000-0002-4366-3088	
ELMO:3620054	shoreline reinforcement process	earthworks process	"An earthworks process in which a human installs inorganic material, usually in a mesh, to stabilize a slope on the bank of a body of water."	https://en.wikipedia.org/wiki/Cellular_confinement										https://orcid.org/0000-0002-1296-2528	https://orcid.org/0000-0003-4817-0423|https://orcid.org/0000-0002-4366-3088	
ELMO:3620055	pit and mound excavation process	earthworks process	An earthworks process in which a human digs pits and creates mounds to reproduce a natural disturbance regime.	doi:10.1016/j.foreco.2017.02.048										https://orcid.org/0000-0002-1296-2528	https://orcid.org/0000-0003-4817-0423|https://orcid.org/0000-0002-4366-3088	
ELMO:3620056	channel realignment process	earthworks process	An earthworks process in which a human realigns the channel of a stream by digging out replacement pathways and filling existing ones.	https://streamhandbook.org/project/stream-channel-realignment/										https://orcid.org/0000-0002-1296-2528	https://orcid.org/0000-0003-4817-0423|https://orcid.org/0000-0002-4366-3088	
ELMO:3620057	natural channel realignment process	channel realignment process	An earthworks process in which a human realigns the channel of a stream by digging out replacement pathways and filling existing ones with the goal of recreating a natural pool-riffle-pool meander sequence.	https://streamhandbook.org/project/stream-channel-realignment/										https://orcid.org/0000-0002-1296-2528	https://orcid.org/0000-0003-4817-0423|https://orcid.org/0000-0002-4366-3088	
ELMO:3620058	dredging process	earthworks process	An earthworks process in which a human removes the sediment layer of a water body.	https://en.wikipedia.org/wiki/Dredging										https://orcid.org/0000-0002-1296-2528	https://orcid.org/0000-0003-4817-0423|https://orcid.org/0000-0002-4366-3088	
ELMO:3620059	fauna passage creation process	mechanical ecosystem management process	"A mechanical ecosystem management process in which a human creates a crossing (bridge or underpass) to help fauna pass through a barrier such as a road, fence or property."	https://en.wikipedia.org/wiki/Wildlife_crossing										https://orcid.org/0000-0002-1296-2528	https://orcid.org/0000-0003-4817-0423|https://orcid.org/0000-0002-4366-3088	
ELMO:3620060	topsoil removal process	mechanical ecosystem management process	A mechanical ecosystem management process in which a human removes the topsoil layer.	doi:10.1111/avsc.12063										https://orcid.org/0000-0002-1296-2528	https://orcid.org/0000-0003-4817-0423|https://orcid.org/0000-0002-4366-3088	
ELMO:3620061	erosion control process	earthworks process	A mechanical ecosystem management process in which a human installs some material to reduce erosion.	https://en.wikipedia.org/wiki/Erosion_control										https://orcid.org/0000-0002-1296-2528	https://orcid.org/0000-0003-4817-0423|https://orcid.org/0000-0002-4366-3088	
ELMO:3620062	erosion blanket process	erosion control process	An erosion control process in which a human installs a textile.											https://orcid.org/0000-0002-1296-2528	https://orcid.org/0000-0003-4817-0423|https://orcid.org/0000-0002-4366-3088	
ELMO:3620063	erosion fencing process	erosion control process	An erosion control process in which a human installs a fence with a geotextile to restrict sediment transport.	https://en.wikipedia.org/wiki/Silt_fence										https://orcid.org/0000-0002-1296-2528	https://orcid.org/0000-0003-4817-0423|https://orcid.org/0000-0002-4366-3088	
ELMO:3620064	wattle fencing process	erosion control process	An erosion control process in which a human interleaves live materials to make short fencing along a slope.	https://hatchetnseed.ca/soil-bio-engineering-for-erosion-control/										https://orcid.org/0000-0002-1296-2528	https://orcid.org/0000-0003-4817-0423|https://orcid.org/0000-0002-4366-3088	
ELMO:3620065	irrigation process	mechanical ecosystem management process	A mechanical ecosystem management process in which a human installs semi-permanent lines to supply a controlled amount of water to plants.	https://en.wikipedia.org/wiki/Irrigation										https://orcid.org/0000-0002-1296-2528	https://orcid.org/0000-0003-4817-0423|https://orcid.org/0000-0002-4366-3088	
ELMO:3620066	deterrence-focused predator control process	predator control process	A predator control process in which a human installs a mechanical device designed to deter predators from a given area.											https://orcid.org/0000-0002-1296-2528	https://orcid.org/0000-0003-4817-0423|https://orcid.org/0000-0002-4366-3088	
ELMO:3620067	fauna exclusion process	mechanical fauna control process	A mechanical fauna control process in which a human excludes fauna from a specific area.											https://orcid.org/0000-0002-1296-2528	https://orcid.org/0000-0003-4817-0423|https://orcid.org/0000-0002-4366-3088	
ELMO:3620068	mechanical fauna deterrent process	mechanical fauna control process	A mechanical fauna control process in which a human deters fauna from a specific area.											https://orcid.org/0000-0002-1296-2528	https://orcid.org/0000-0003-4817-0423|https://orcid.org/0000-0002-4366-3088	
ELMO:3620069	fauna capture for conservation	mechanical fauna control process	A mechanical fauna control process in which a human captures fauna for the purposes of protecting existing organisms from some threat.											https://orcid.org/0000-0002-1296-2528	https://orcid.org/0000-0003-4817-0423|https://orcid.org/0000-0002-4366-3088	
ELMO:3620070	fish bypass installation process	mechanical ecosystem management process	A mechanical ecosystem management process in which a human installs some means of bypassing hazards (e.g. dams) for fish.											https://orcid.org/0000-0002-1296-2528	https://orcid.org/0000-0003-4817-0423|https://orcid.org/0000-0002-4366-3088	
ELMO:3620071	fish ladder installation process	fish bypass installation process	A fish bypass installation process in which a human installs a chute consisting of a series of stepped pools to allow fish to move past a dam.	https://oceanservice.noaa.gov/facts/fish-ladder.html										https://orcid.org/0000-0002-1296-2528	https://orcid.org/0000-0003-4817-0423|https://orcid.org/0000-0002-4366-3088	
ELMO:3620072	ditch plugging process	earthworks process	An earthworks process in which a human fills in a drainage ditch to restore the hydroperiod to a given area.	https://www.ducks.ca/stories/biodiversity/years-in-the-making-for-record-breaking-conservation-project/										https://orcid.org/0000-0002-1296-2528	https://orcid.org/0000-0003-4817-0423|https://orcid.org/0000-0002-4366-3088	
ELMO:3620073	sediment addition process	earthworks process	An earthworks process in which a human adds sediment to a water body in order to modify the substrate composition.											https://orcid.org/0000-0002-1296-2528	https://orcid.org/0000-0003-4817-0423|https://orcid.org/0000-0002-4366-3088	
ELMO:3620074	new plant protection process	mechanical ecosystem management process	A mechanical ecosystem management process in which a human installs a barrier to protect newly planted flora from herbivory.											https://orcid.org/0000-0002-1296-2528	https://orcid.org/0000-0003-4817-0423|https://orcid.org/0000-0002-4366-3088	
ELMO:3621000	fishing with equipment modified for conservation	ENVO:01001436	A planned environmental usage process in which fishing equipment is modified for conservation (e.g. bycatch deterrent devices are installed)												https://orcid.org/0000-0002-1296-2528	https://orcid.org/0000-0003-4817-0423|https://orcid.org/0000-0002-4366-3088
ELMO:3621001	fishing with net modified for conservation	fishing with equipment modified for conservation	A fishing process in which a human uses a net that has been modified to reduce bycatch or accomplish some other conservation-oriented goal.												https://orcid.org/0000-0002-1296-2528	https://orcid.org/0000-0003-4817-0423|https://orcid.org/0000-0002-4366-3088
ELMO:3621002	fishing with hook modified for conservation	fishing with equipment modified for conservation	A fishing process in which a human uses a hook that has been modified for conservation.												https://orcid.org/0000-0002-1296-2528	https://orcid.org/0000-0003-4817-0423|https://orcid.org/0000-0002-4366-3088
ELMO:3621003	fishing with added acoustic devices for conservation	fishing with equipment modified for conservation	A fishing process in which a human adds acoustic devices to fishing gear to deter bycatch.												https://orcid.org/0000-0002-1296-2528	https://orcid.org/0000-0003-4817-0423|https://orcid.org/0000-0002-4366-3088
ELMO:3621004	fishing with modified traps	fishing with equipment modified for conservation	A fishing process in which a human uses traps modified to deter bycatch.												https://orcid.org/0000-0002-1296-2528	https://orcid.org/0000-0003-4817-0423|https://orcid.org/0000-0002-4366-3088
ELMO:3621005	fishing with modified line-setting procedure	fishing with equipment modified for conservation	A fishing process in which a human attaches bait to lines in a way that deters seabird scavenging (i.e. underwater)												https://orcid.org/0000-0002-1296-2528	https://orcid.org/0000-0003-4817-0423|https://orcid.org/0000-0002-4366-3088
ELMO:3621006	aquaculture process modified for conservation	ENVO:01001436	A planned environmental usage process in which a human engages in aquaculture with modifications for conservation (e.g. disease control measures)												https://orcid.org/0000-0002-1296-2528	https://orcid.org/0000-0003-4817-0423|https://orcid.org/0000-0002-4366-3088
ELMO:3621007	underwater turbine modified for conservation	ENVO:01001436	A planned environmental usage process in which a human installs an underwater turbine modified for conservation.												https://orcid.org/0000-0002-1296-2528	https://orcid.org/0000-0003-4817-0423|https://orcid.org/0000-0002-4366-3088
ELMO:3621008	farming process modified for conservation	ENVO:01001436	A planned environmental usage process in which a human engages in farming with modifications for the conservation of biodiversity.												https://orcid.org/0000-0002-1296-2528	https://orcid.org/0000-0003-4817-0423|https://orcid.org/0000-0002-4366-3088
ELMO:3621009	farming with intercropping	farming process modified for conservation	A farming process modified for conservation in which a human grows two or more crop varities in close proximity to one another.	ISBN:9781933395210											https://orcid.org/0000-0002-1296-2528	https://orcid.org/0000-0003-4817-0423|https://orcid.org/0000-0002-4366-3088
ELMO:3621010	agroforestry process	farming process modified for conservation	A farming process modified for conservation in which a human integrates trees and crops or pasture.	wd:Q397350											https://orcid.org/0000-0002-1296-2528	https://orcid.org/0000-0003-4817-0423|https://orcid.org/0000-0002-4366-3088
ELMO:3621011	alley cropping farming process	agroforestry process	An agroforestry process in which crops are grown in between rows of trees and shrubs.	ISBN:9781933395210											https://orcid.org/0000-0002-1296-2528	https://orcid.org/0000-0003-4817-0423|https://orcid.org/0000-0002-4366-3088
ELMO:3621012	no-till farming	farming process modified for conservation	A farming process modified for conservation in which a human does not disturb the soil in between crop plantings.	wd:Q1227672											https://orcid.org/0000-0002-1296-2528	https://orcid.org/0000-0003-4817-0423|https://orcid.org/0000-0002-4366-3088
ELMO:3621013	organic farming regime	farming process modified for conservation	A farming process modified for conservation in which a human avoids synthetic or chemical inputs in the farming process. The definition of organic is often the subject of government regulation.	https://en.wikipedia.org/wiki/Organic_farming											https://orcid.org/0000-0002-1296-2528	https://orcid.org/0000-0003-4817-0423|https://orcid.org/0000-0002-4366-3088
ELMO:3621014	crop rotation	farming process modified for conservation	A farming process modified for conservation in which the crop type is rotated year over year.	ISBN:9781933395210											https://orcid.org/0000-0002-1296-2528	https://orcid.org/0000-0003-4817-0423|https://orcid.org/0000-0002-4366-3088
ELMO:3621015	set aside farmland for conservation	farming process modified for conservation	A farming process modified for conservation in which a human agrees not to farm some portion of a landscape.	https://en.wikipedia.org/wiki/Set-aside											https://orcid.org/0000-0002-1296-2528	https://orcid.org/0000-0003-4817-0423|https://orcid.org/0000-0002-4366-3088
ELMO:3621016	forestry process modified for conservation	ENVO:01001436	A planned environmental usage process in which a human harvests trees in a manner that attempts to ameliorate the impact on the landscape.												https://orcid.org/0000-0002-1296-2528	https://orcid.org/0000-0003-4817-0423|https://orcid.org/0000-0002-4366-3088
ELMO:3621017	coppice process	forestry process modified for conservation	"A forestry process in which a human cuts trees down to the stump, allowing the trees to regenerate from the stump."	https://en.wikipedia.org/wiki/Coppicing											https://orcid.org/0000-0002-1296-2528	https://orcid.org/0000-0003-4817-0423|https://orcid.org/0000-0002-4366-3088
ELMO:3621018	selective harvesting process	forestry process modified for conservation	A forestry process in which a human harvests trees according to their age with the goal of preserving some overall age for a forest stand.	https://en.wikipedia.org/wiki/Selection_cutting											https://orcid.org/0000-0002-1296-2528	https://orcid.org/0000-0003-4817-0423|https://orcid.org/0000-0002-4366-3088
ELMO:3621019	woody debris removal process	forestry process modified for conservation	"A forestry process in which a human removes coarse woody debris after harvesting trees, thereby reducing the risk and intensity of forest fire."	https://en.wikipedia.org/wiki/Coarse_woody_debris											https://orcid.org/0000-0002-1296-2528	https://orcid.org/0000-0003-4817-0423|https://orcid.org/0000-0002-4366-3088
ELMO:3621020	leave woody debris	forestry process modified for conservation	"A forestry process in which a human leaves coarse woody debris after harvesting, thereby increasing available resources."	https://en.wikipedia.org/wiki/Coarse_woody_debris											https://orcid.org/0000-0002-1296-2528	https://orcid.org/0000-0003-4817-0423|https://orcid.org/0000-0002-4366-3088
ELMO:3621021	shelterwood cutting process	forestry process modified for conservation	A forestry process in which a human primarily harvests large trees in order to increase light availability for seedling species.	https://en.wikipedia.org/wiki/Shelterwood_cutting											https://orcid.org/0000-0002-1296-2528	https://orcid.org/0000-0003-4817-0423|https://orcid.org/0000-0002-4366-3088
ELMO:3621022	regulate wind turbine speed	ENVO:01001436	"A planned environmental usage process in which a human modifies the level of wind speed required to spin turbines, thereby preventing avifauna fatalities."	doi:10.1002/2688-8319.12371				curtailment	doi:10.1002/2688-8319.12371						https://orcid.org/0000-0002-1296-2528	https://orcid.org/0000-0003-4817-0423|https://orcid.org/0000-0002-4366-3088
